{
    "condition": "minecraft:entity_properties",
    "entity": "this",
    "predicate": {
        "slots": {
            "armor.legs": {
                "items": "#minecraft:enchantable/leg_armor",
                "predicates": {
                    "minecraft:enchantments": [
                        {
                            "enchantments": "enchantplus:leggings/fear",
                            "levels": 1
                        }
                    ]
                }
            }
        }
    }
}