{
    "replace": false,
    "values": [
        {
            "id": "enchantplus:boots/agility",
            "required": false
        },
        {
            "id": "enchantplus:boots/lava_walker",
            "required": false
        },
        {
            "id": "enchantplus:boots/step_assist",
            "required": false
        },
        {
            "id": "enchantplus:bow/accuracy_shot",
            "required": false
        },
        {
            "id": "enchantplus:bow/explosive_arrow",
            "required": false
        },
        {
            "id": "enchantplus:chestplate/anti_venom",
            "required": false
        },
        {
            "id": "enchantplus:chestplate/lifeplus",
            "required": false
        },
        {
            "id": "enchantplus:leggings/leaping",
            "required": false
        },
        {
            "id": "enchantplus:leggings/fast_swim",
            "required": false
        },
        {
            "id": "enchantplus:sword/poison_aspect",
            "required": false
        },
        {
            "id": "enchantplus:sword/attack_speed",
            "required": false
        },
        {
            "id": "enchantplus:sword/life_steal",
            "required": false
        }
    ]
}