{
  "display": {
    "icon": {
      "id": "minecraft:mace"
    },
    "title": {
      "translate": "advancement.enchantplus.title.mace",
      "fallback": "Neo Mace",
      "color": "#FFE2A8"
    },
    "description": {
      "translate": "advancement.enchantplus.description.mace",
      "fallback": "Get every custom enchantment book for the mace",
      "color": "green"
    },
    "frame": "goal",
    "show_toast": true,
    "announce_to_chat": false,
    "hidden": false
  },
  "parent": "enchantplus:weapons/start",
  "criteria": {
    "striker": {
      "trigger": "minecraft:inventory_changed",
      "conditions": {
        "items": [
          {
            "predicates": {
              "minecraft:enchantments": [
                {
                  "enchantments": "enchantplus:mace/striker"
                }
              ]
            }
          }
        ]
      }
    }
  },
  "requirements": [
    [
      "striker"
    ]
  ]
}