{
    "display": {
        "icon": {
            "id": "minecraft:enchanted_book"
        },
        "title": {
            "translate": "enchantment.enchantplus.title.wind_propulsion",
            "fallback": "Wind Propulsion",
            "color": "#40E6FF"
        },
        "description": {
            "translate": "advancement.enchantplus.description.wind_propulsion",
            "fallback": "You can now use Wind Burst like before !"
        },
        "frame": "task",
        "show_toast": false,
        "announce_to_chat": false,
        "hidden": false
    },
    "parent": "enchantplus:weapons/mace/striker",
    "criteria": {
        "requirement": {
            "trigger": "minecraft:inventory_changed",
            "conditions": {
                "items": [
                    {
                        "predicates": {
                            "minecraft:enchantments": [
                                {
                                    "enchantments": "enchantplus:mace/wind_propulsion"
                                }
                            ]
                        }
                    }
                ]
            }
        }
    }
}