{
    "anvil_cost": 8,
    "description": {
        "translate": "enchantment.enchantplus.lava_walker",
        "fallback": "Lava Walker"
    },
    "effects": {
        "minecraft:damage_immunity": [
            {
                "effect": {},
                "requirements": {
                    "condition": "minecraft:damage_source_properties",
                    "predicate": {
                        "tags": [
                            {
                                "expected": true,
                                "id": "minecraft:burn_from_stepping"
                            },
                            {
                                "expected": false,
                                "id": "minecraft:bypasses_invulnerability"
                            }
                        ]
                    }
                }
            }
        ],
        "minecraft:location_changed": [
            {
                "effect": {
                    "type": "minecraft:replace_disk",
                    "block_state": {
                        "type": "minecraft:weighted_state_provider",
                        "entries": [
                            {
                                "data": {
                                    "Name": "minecraft:magma_block"
                                },
                                "weight": 9
                            }
                        ]
                    },
                    "height": 1.0,
                    "offset": [
                        0,
                        -1,
                        0
                    ],
                    "predicate": {
                        "type": "minecraft:all_of",
                        "predicates": [
                            {
                                "type": "minecraft:matching_blocks",
                                "blocks": "minecraft:air",
                                "offset": [
                                    0,
                                    1,
                                    0
                                ]
                            },
                            {
                                "type": "minecraft:matching_fluids",
                                "fluids": "minecraft:lava"
                            },
                            {
                                "type": "minecraft:unobstructed"
                            }
                        ]
                    },
                    "radius": {
                        "type": "minecraft:clamped",
                        "max": 16.0,
                        "min": 0.0,
                        "value": {
                            "type": "minecraft:linear",
                            "base": 3.0,
                            "per_level_above_first": 1.0
                        }
                    }
                },
                "requirements": {
                    "condition": "minecraft:entity_properties",
                    "entity": "this",
                    "predicate": {
                        "flags": {
                            "is_on_ground": true
                        }
                    }
                }
            }
        ]
    },
    "max_cost": {
        "base": 75,
        "per_level_above_first": 25
    },
    "max_level": 4,
    "min_cost": {
        "base": 75,
        "per_level_above_first": 25
    },
    "slots": [
        "feet"
    ],
    "exclusive_set": "#minecraft:exclusive_set/boots",
    "supported_items": "#minecraft:enchantable/foot_armor",
    "weight": 1
}