{
  "display": {
    "icon": {
      "id": "minecraft:enchanted_book"
    },
    "title": {
      "translate": "enchantment.enchantplus.title.auto_feed",
      "fallback": "Auto Feed",
      "color": "#40E6FF"
    },
    "description": {
      "translate": "advancement.enchantplus.description.auto_feed",
      "fallback": "Miam, miam, miam !"
    },
    "frame": "task",
    "show_toast": false,
    "announce_to_chat": false,
    "hidden": false
  },
  "parent": "enchantplus:armor/helmet/base",
  "criteria": {
    "requirement": {
      "trigger": "minecraft:inventory_changed",
      "conditions": {
        "items": [
          {
            "predicates": {
              "minecraft:enchantments": [
                {
                  "enchantments": "enchantplus:helmet/auto_feed"
                }
              ]
            }
          }
        ]
      }
    }
  }
}