{
  "anvil_cost": 4,
  "description": {
    "translate": "enchantment.minecraft.fire_aspect"
  },
  "effects": {
    "minecraft:hit_block": [
      {
        "effect": {
          "type": "minecraft:all_of",
          "effects": [
            {
              "type": "minecraft:set_block_properties",
              "properties": {
                "lit": "true"
              }
            },
            {
              "type": "minecraft:damage_item",
              "amount": 1.0
            }
          ]
        },
        "requirements": {
          "condition": "minecraft:location_check",
          "predicate": {
            "block": {
              "state": {
                "lit": "false"
              }
            }
          }
        }
      }
    ],
    "minecraft:post_attack": [
      {
        "affected": "victim",
        "effect": {
          "type": "minecraft:ignite",
          "duration": {
            "type": "minecraft:linear",
            "base": 4.0,
            "per_level_above_first": 4.0
          }
        },
        "enchanted": "attacker"
      }
    ]
  },
  "max_cost": {
    "base": 60,
    "per_level_above_first": 20
  },
  "max_level": 2,
  "min_cost": {
    "base": 10,
    "per_level_above_first": 20
  },
  "slots": [
    "mainhand"
  ],
  "exclusive_set": "#enchantplus:exclusive_set/aspect",
  "supported_items": "#minecraft:enchantable/sword",
  "weight": 2
}