{
  "display": {
    "icon": {
      "id": "minecraft:enchanted_book"
    },
    "title": {
      "translate": "enchantment.enchantplus.title.spawner_touch",
      "fallback": "Spawner Touch",
      "color": "#40E6FF"
    },
    "description": {
      "translate": "advancement.enchantplus.description.spawner_touch",
      "fallback": "Delicately, Delicately, Delicately..."
    },
    "frame": "task",
    "show_toast": false,
    "announce_to_chat": false,
    "hidden": false
  },
  "parent": "enchantplus:tools/pickaxe/vein_miner",
  "criteria": {
    "requirement": {
      "trigger": "minecraft:inventory_changed",
      "conditions": {
        "items": [
          {
            "predicates": {
              "minecraft:enchantments": [
                {
                  "enchantments": "enchantplus:pickaxe/spawner_touch"
                }
              ]
            }
          }
        ]
      }
    }
  }
}